title,company,location,description,date,link,employees
Full Stack Developer,Rayzone Group,"Tel Aviv-Yafo, Tel Aviv District, Israel","We are looking for an experienced, motivated, and results-driven Full Stack Developer to join our R&D team.ResponsibilitiesEnd to end development of new and existing features including client and server-side code, database schemas and communication APIsWorking with other developers and engineers on complex features requiring integration of multiple servicesTaking part in design and code review processWorking with QA and Product teams to create high quality products and appealing visual designKeep up with new technologies to improve the development processRequirementsProven work experience of at least 3 years as a full stack developerKnowledge of web technologies HTML, CSS, JavaScript, HTTPExperience with Vue 3 or any other popular frameworkExperience with Node.js including use of Express.js or Feathers.js Experience with NoSQL data bases, preferably MongoDBExperience with RabbitMQ or other AMQP solutionCommunication and teamwork skillsExperience working in an Agile development processAcademic Degree in Computer Science or relevant field - advantage                                                                         Show less",6 days ago,https://il.linkedin.com/jobs/view/full-stack-developer-at-rayzone-group-3959718152?position=7&pageNum=0&refId=FBnhHwr%2B%2FdwqeZcUrOt%2F8A%3D%3D&trackingId=W8XMEv6VarvYFDBXM9Q5aQ%3D%3D&trk=public_jobs_jserp-result_search-card,-1
Junior Full Stack Developer,Moon Active,"Tel Aviv-Yafo, Tel Aviv District, Israel",,9 hours ago,https://il.linkedin.com/jobs/view/junior-full-stack-developer-at-moon-active-3965101574?position=11&pageNum=0&refId=FBnhHwr%2B%2FdwqeZcUrOt%2F8A%3D%3D&trackingId=16I3oF%2B26Cpa8lmcYmDsYg%3D%3D&trk=public_jobs_jserp-result_search-card,-1
Software Engineer,Paragon,Israel,,5 days ago,https://il.linkedin.com/jobs/view/software-engineer-at-paragon-3959515510?position=12&pageNum=0&refId=FBnhHwr%2B%2FdwqeZcUrOt%2F8A%3D%3D&trackingId=rVXktiaQ5Yvc0e9D2HY8Uw%3D%3D&trk=public_jobs_jserp-result_search-card,-1
Full Stack Developer,Artlist,"Tel Aviv-Yafo, Tel Aviv District, Israel",,1 week ago,https://il.linkedin.com/jobs/view/full-stack-developer-at-artlist-3954042867?position=14&pageNum=0&refId=FBnhHwr%2B%2FdwqeZcUrOt%2F8A%3D%3D&trackingId=zEFPBRCLDb6zFV3DENA4lQ%3D%3D&trk=public_jobs_jserp-result_search-card,-1
"Software Engineer, Infrastructure",Meta,"Tel Aviv-Yafo, Tel Aviv District, Israel",,1 week ago,https://il.linkedin.com/jobs/view/software-engineer-infrastructure-at-meta-3956608734?position=27&pageNum=0&refId=FBnhHwr%2B%2FdwqeZcUrOt%2F8A%3D%3D&trackingId=%2F88FETuDTeX4fZ09x6vmuw%3D%3D&trk=public_jobs_jserp-result_search-card,-1
Software Engineer,NetApp,"Tel Aviv-Yafo, Tel Aviv District, Israel",,6 days ago,https://il.linkedin.com/jobs/view/software-engineer-at-netapp-3960700830?position=30&pageNum=0&refId=FBnhHwr%2B%2FdwqeZcUrOt%2F8A%3D%3D&trackingId=GSz37g5mHYueKx0qmx9ZCw%3D%3D&trk=public_jobs_jserp-result_search-card,-1
Full Stack Engineer,Navina,"Tel Aviv-Yafo, Tel Aviv District, Israel",,1 week ago,https://il.linkedin.com/jobs/view/full-stack-engineer-at-navina-3958521866?position=31&pageNum=0&refId=FBnhHwr%2B%2FdwqeZcUrOt%2F8A%3D%3D&trackingId=Ebx8XgmN9WDlOpu3Dx6ryQ%3D%3D&trk=public_jobs_jserp-result_search-card,-1
Full Stack Junior Developer,Tripteam - Friends in every city,"Tel Aviv District, Israel",,2 days ago,https://il.linkedin.com/jobs/view/full-stack-junior-developer-at-tripteam-friends-in-every-city-3962554309?position=36&pageNum=0&refId=FBnhHwr%2B%2FdwqeZcUrOt%2F8A%3D%3D&trackingId=HRmlFPpWqgBwNWpTYuSF4w%3D%3D&trk=public_jobs_jserp-result_search-card,-1
"Software Engineer, Infrastructure",Meta,"Tel Aviv-Yafo, Tel Aviv District, Israel",,1 week ago,https://il.linkedin.com/jobs/view/software-engineer-infrastructure-at-meta-3915886305?position=45&pageNum=0&refId=FBnhHwr%2B%2FdwqeZcUrOt%2F8A%3D%3D&trackingId=LZLk%2Fz8%2FZ7soamr2ZpZolA%3D%3D&trk=public_jobs_jserp-result_search-card,-1
Full Stack Developer (MERN),AudaCity Capital Management,Israel,,1 day ago,https://il.linkedin.com/jobs/view/full-stack-developer-mern-at-audacity-capital-management-3962705897?position=48&pageNum=0&refId=FBnhHwr%2B%2FdwqeZcUrOt%2F8A%3D%3D&trackingId=AzzCft02Jcs4w78v6idnnw%3D%3D&trk=public_jobs_jserp-result_search-card,-1
Full Stack Engineer,BigID,"Tel Aviv-Yafo, Tel Aviv District, Israel",,1 week ago,https://il.linkedin.com/jobs/view/full-stack-engineer-at-bigid-3952381468?position=51&pageNum=0&refId=FBnhHwr%2B%2FdwqeZcUrOt%2F8A%3D%3D&trackingId=7vEf0kMFGbkrTHLYoRzHJg%3D%3D&trk=public_jobs_jserp-result_search-card,-1
Software Engineer,Flow Security,"Tel Aviv-Yafo, Tel Aviv District, Israel",,1 year ago,https://il.linkedin.com/jobs/view/software-engineer-at-flow-security-3623805357?position=52&pageNum=0&refId=FBnhHwr%2B%2FdwqeZcUrOt%2F8A%3D%3D&trackingId=YBPW3xBJOm9ukZ4cKWWRAQ%3D%3D&trk=public_jobs_jserp-result_search-card,-1
Backend Developer,Earnix,"Ramat Gan, Tel Aviv District, Israel",,1 week ago,https://il.linkedin.com/jobs/view/backend-developer-at-earnix-3954164768?position=53&pageNum=0&refId=FBnhHwr%2B%2FdwqeZcUrOt%2F8A%3D%3D&trackingId=T5A%2FPHd4WEymVN%2BHsR5fvA%3D%3D&trk=public_jobs_jserp-result_search-card,-1
Junior C Developer,Cato Networks,"Tel Aviv District, Israel",,1 week ago,https://il.linkedin.com/jobs/view/junior-c-developer-at-cato-networks-3923488766?position=55&pageNum=0&refId=FBnhHwr%2B%2FdwqeZcUrOt%2F8A%3D%3D&trackingId=LqB6A6bNzy%2BWTCPeW3c%2ByQ%3D%3D&trk=public_jobs_jserp-result_search-card,-1
Software Engineer - Infrastructure,Meta,"Tel Aviv-Yafo, Tel Aviv District, Israel",,1 week ago,https://il.linkedin.com/jobs/view/software-engineer-infrastructure-at-meta-3957550370?position=59&pageNum=0&refId=FBnhHwr%2B%2FdwqeZcUrOt%2F8A%3D%3D&trackingId=vb0x2rLrbp7nEUMT6MmaBg%3D%3D&trk=public_jobs_jserp-result_search-card,-1
Fullstack Developer,Wix,"Tel Aviv-Yafo, Tel Aviv District, Israel",,1 week ago,https://il.linkedin.com/jobs/view/fullstack-developer-at-wix-3955627498?position=60&pageNum=0&refId=FBnhHwr%2B%2FdwqeZcUrOt%2F8A%3D%3D&trackingId=Yb8sE4DMbMKYBTR9DcBhaw%3D%3D&trk=public_jobs_jserp-result_search-card,-1
"Software Engineer, Infrastructure",Meta,"Tel Aviv-Yafo, Tel Aviv District, Israel",,1 week ago,https://il.linkedin.com/jobs/view/software-engineer-infrastructure-at-meta-3956608734?position=2&pageNum=2&refId=uIY2YL5rIqfUDnrNERlv6w%3D%3D&trackingId=nO4D53V8MdCAif4ONZMvNA%3D%3D&trk=public_jobs_jserp-result_search-card,-1
Software Engineer,NetApp,"Tel Aviv-Yafo, Tel Aviv District, Israel",,6 days ago,https://il.linkedin.com/jobs/view/software-engineer-at-netapp-3960700830?position=5&pageNum=2&refId=uIY2YL5rIqfUDnrNERlv6w%3D%3D&trackingId=qxf48qXgXWKrkqXFLx9aJQ%3D%3D&trk=public_jobs_jserp-result_search-card,-1
Full Stack Engineer,Navina,"Tel Aviv-Yafo, Tel Aviv District, Israel",,1 week ago,https://il.linkedin.com/jobs/view/full-stack-engineer-at-navina-3958521866?position=6&pageNum=2&refId=uIY2YL5rIqfUDnrNERlv6w%3D%3D&trackingId=69kx493DjUH4E86LPR1ccg%3D%3D&trk=public_jobs_jserp-result_search-card,-1
